x,conteos
0,1812379
0.1,1483537
0.2,1213140
0.3,994378
0.4,815335
0.5,667778
0.6,547572
0.7,446185
0.8,366784
0.9,299531
1,245146
1.1,201484
1.2,164473
1.3,134579
1.4,109911
1.5,90396
1.6,73852
1.7,60663
1.8,49505
1.9,40538
2,33203
2.1,27207
2.2,22365
2.3,18022
2.4,14974
2.5,12111
2.6,10046
2.7,8334
2.8,6669
2.9,5432
3,4407
3.1,3621
3.2,2973
3.3,2419
3.4,2005
3.5,1705
3.6,1309
3.7,1099
3.8,869
3.9,734
4,601
4.1,497
4.2,383
4.3,352
4.4,257
4.5,236
4.6,192
4.7,168
4.8,110
4.9,90
5,90
5.1,72
5.2,61
5.3,35
5.4,33
5.5,36
5.6,18
5.7,21
5.8,14
5.9,10
6,14
6.1,5
6.2,10
6.3,8
6.4,0
6.5,11
6.6,0
6.7,0
6.8,0
6.9,6
7,0
7.1,0
7.2,0
7.3,0
7.4,0
7.5,0
7.6,0
7.7,0
7.8,0
7.9,0
8,0
8.1,0
8.2,0
8.3,0
8.4,0
8.5,0
8.6,0
8.7,0
8.8,0
8.9,0
9,0
9.1,0
9.2,0
9.3,0
9.4,0
9.5,0
9.6,0
9.7,0
9.8,0
9.9,0