x,y
0,79134
0.1,394424
0.2,730188
0.3,960196
0.4,1066927
0.5,1069868
0.6,1002229
0.7,896495
0.8,771750
0.9,646338
1,529713
1.1,426680
1.2,338187
1.3,264722
1.4,204034
1.5,155975
1.6,118937
1.7,89248
1.8,67233
1.9,49911
2,37282
2.1,27237
2.2,20161
2.3,14659
2.4,10766
2.5,7721
2.6,5603
2.7,4081
2.8,3010
2.9,2071
3,1475
3.1,1108
3.2,761
3.3,547
3.4,394
3.5,286
3.6,222
3.7,128
3.8,94
3.9,63
4,45
4.1,31
4.2,19
4.3,17
4.4,8
4.5,7
4.6,2
4.7,5
4.8,5
4.9,1
5,0
5.1,1
5.2,0
5.3,0
5.4,0
5.5,1
5.6,0
5.7,0
5.8,0
5.9,0
6,0
6.1,0
6.2,0
6.3,0
6.4,0
6.5,0
6.6,0
6.7,0
6.8,0
6.9,0
7,0
7.1,0
7.2,0
7.3,0
7.4,0
7.5,0
7.6,0
7.7,0
7.8,0
7.9,0
8,0
8.1,0
8.2,0
8.3,0
8.4,0
8.5,0
8.6,0
8.7,0
8.8,0
8.9,0
9,0
9.1,0
9.2,0
9.3,0
9.4,0
9.5,0
9.6,0
9.7,0
9.8,0
9.9,0
